datetime,temp,precip,humidity,windspeed,cloudcover,month,day_of_week,is_weekend,season
2023-01-01,16.7,0.0,65.2,18.4,1.3,1,6,1,Winter
2023-01-02,15.4,0.0,64.1,16.6,2.6,1,0,0,Winter
2023-01-03,14.7,0.0,64.5,14.8,1.3,1,1,0,Winter
2023-01-04,13.0,0.0,65.6,22.3,1.1,1,2,0,Winter
2023-01-05,13.5,0.0,71.2,22.3,12.8,1,3,0,Winter
2023-01-06,16.1,0.0,67.3,18.4,17.1,1,4,0,Winter
2023-01-07,17.8,0.0,58.4,11.2,8.0,1,5,1,Winter
2023-01-08,17.4,0.0,54.5,18.4,1.3,1,6,1,Winter
2023-01-09,16.7,0.0,53.7,9.7,1.3,1,0,0,Winter
2023-01-10,16.6,0.0,56.1,11.2,1.3,1,1,0,Winter
2023-01-11,18.1,0.0,56.4,14.8,1.3,1,2,0,Winter
2023-01-12,18.2,0.0,65.9,14.8,5.9,1,3,0,Winter
2023-01-13,17.2,0.0,65.1,22.3,12.7,1,4,0,Winter
2023-01-14,14.7,0.0,59.7,20.5,1.3,1,5,1,Winter
2023-01-15,14.2,0.0,61.7,14.8,2.5,1,6,1,Winter
2023-01-16,14.6,0.0,61.1,18.4,0.0,1,0,0,Winter
2023-01-17,15.1,0.0,59.0,18.4,8.5,1,1,0,Winter
2023-01-18,15.6,0.0,52.1,20.5,1.0,1,2,0,Winter
2023-01-19,16.6,0.0,56.6,18.4,13.6,1,3,0,Winter
2023-01-20,19.9,0.0,59.2,20.5,15.9,1,4,0,Winter
2023-01-21,19.4,0.0,59.8,18.4,7.9,1,5,1,Winter
2023-01-22,18.2,0.0,59.8,9.4,14.5,1,6,1,Winter
2023-01-23,19.1,0.0,64.8,20.5,15.9,1,0,0,Winter
2023-01-24,18.9,0.0,68.9,13.0,21.7,1,1,0,Winter
2023-01-25,17.9,0.0,65.1,14.8,40.8,1,2,0,Winter
2023-01-26,16.5,0.2,83.2,18.4,65.3,1,3,0,Winter
2023-01-27,17.8,0.0,82.1,18.4,58.7,1,4,0,Winter
2023-01-28,19.8,0.0,69.7,14.8,4.2,1,5,1,Winter
2023-01-29,21.9,0.0,61.3,25.9,7.7,1,6,1,Winter
2023-01-30,18.6,0.0,75.6,14.8,24.6,1,0,0,Winter
2023-01-31,16.9,0.0,75.6,18.4,25.5,1,1,0,Winter
2023-02-01,16.8,0.0,64.4,20.5,6.2,2,2,0,Winter
2023-02-02,17.0,0.0,50.3,14.8,16.9,2,3,0,Winter
2023-02-03,18.2,0.0,49.5,20.5,1.7,2,4,0,Winter
2023-02-04,19.2,0.0,50.1,13.0,1.3,2,5,1,Winter
2023-02-05,20.0,0.0,47.5,13.0,1.3,2,6,1,Winter
2023-02-06,21.6,0.0,43.1,14.8,2.5,2,0,0,Winter
2023-02-07,20.1,0.0,51.8,14.8,0.0,2,1,0,Winter
2023-02-08,20.1,0.0,40.7,18.4,0.8,2,2,0,Winter
2023-02-09,21.5,0.0,45.9,11.2,3.9,2,3,0,Winter
2023-02-10,23.0,0.0,40.1,16.6,0.0,2,4,0,Winter
2023-02-11,21.6,0.0,43.4,16.6,0.0,2,5,1,Winter
2023-02-12,20.3,0.0,46.8,20.5,0.0,2,6,1,Winter
2023-02-13,18.2,0.0,41.9,14.8,0.0,2,0,0,Winter
2023-02-14,20.4,0.0,37.8,13.0,0.0,2,1,0,Winter
2023-02-15,21.7,0.0,44.0,9.4,0.0,2,2,0,Winter
2023-02-16,23.2,0.0,42.8,11.2,11.5,2,3,0,Winter
2023-02-17,23.0,0.0,42.7,18.4,2.5,2,4,0,Winter
2023-02-18,22.3,0.0,45.9,13.0,0.0,2,5,1,Winter
2023-02-19,23.2,0.0,43.2,11.2,5.5,2,6,1,Winter
2023-02-20,25.4,0.0,34.9,10.1,5.4,2,0,0,Winter
2023-02-21,23.8,0.0,32.3,20.5,5.8,2,1,0,Winter
2023-02-22,22.7,0.0,41.6,11.2,15.4,2,2,0,Winter
2023-02-23,22.8,0.0,47.4,13.0,24.6,2,3,0,Winter
2023-02-24,23.7,0.0,39.3,18.4,2.5,2,4,0,Winter
2023-02-25,23.4,0.0,36.9,11.2,9.8,2,5,1,Winter
2023-02-26,23.8,0.0,35.0,11.2,2.4,2,6,1,Winter
2023-02-27,23.6,0.0,38.2,11.2,0.0,2,0,0,Winter
2023-02-28,25.1,0.0,34.6,14.8,8.1,2,1,0,Winter
2023-03-01,25.5,0.0,36.0,11.2,32.1,3,2,0,Spring
2023-03-02,25.9,0.0,38.9,9.4,16.9,3,3,0,Spring
2023-03-03,26.3,0.0,39.6,11.2,20.8,3,4,0,Spring
2023-03-04,26.5,0.0,40.5,18.4,48.5,3,5,1,Spring
2023-03-05,24.6,0.0,50.7,18.4,30.9,3,6,1,Spring
2023-03-06,24.4,0.0,50.8,27.7,36.2,3,0,0,Spring
2023-03-07,22.7,0.1,52.8,18.4,42.2,3,1,0,Spring
2023-03-08,23.2,0.0,48.6,18.4,35.9,3,2,0,Spring
2023-03-09,23.2,0.0,45.6,16.6,21.3,3,3,0,Spring
2023-03-10,24.0,0.0,39.9,18.4,4.6,3,4,0,Spring
2023-03-11,24.9,0.0,38.2,14.8,0.0,3,5,1,Spring
2023-03-12,26.0,0.0,34.7,16.6,16.7,3,6,1,Spring
2023-03-13,26.8,0.0,34.1,18.4,46.3,3,0,0,Spring
2023-03-14,26.3,0.0,38.1,13.0,46.9,3,1,0,Spring
2023-03-15,26.7,0.0,37.5,29.5,76.7,3,2,0,Spring
2023-03-16,24.9,0.1,48.9,22.3,60.5,3,3,0,Spring
2023-03-17,23.9,0.0,52.2,20.5,75.3,3,4,0,Spring
2023-03-18,23.5,0.0,55.0,14.8,45.2,3,5,1,Spring
2023-03-19,21.7,0.2,59.8,28.4,53.8,3,6,1,Spring
2023-03-20,21.6,2.0,63.2,16.6,35.2,3,0,0,Spring
2023-03-21,23.0,0.0,54.4,14.8,52.2,3,1,0,Spring
2023-03-22,23.4,0.0,51.0,9.7,39.1,3,2,0,Spring
2023-03-23,24.4,0.0,50.8,20.5,42.4,3,3,0,Spring
2023-03-24,24.7,0.0,51.8,20.5,29.7,3,4,0,Spring
2023-03-25,24.8,0.0,48.5,16.6,5.7,3,5,1,Spring
2023-03-26,24.1,0.0,40.6,18.4,1.3,3,6,1,Spring
2023-03-27,25.6,0.0,35.4,14.8,2.1,3,0,0,Spring
2023-03-28,26.3,0.0,34.7,18.4,7.2,3,1,0,Spring
2023-03-29,27.4,0.0,29.4,18.4,10.3,3,2,0,Spring
2023-03-30,25.9,0.0,40.0,22.3,39.4,3,3,0,Spring
2023-03-31,24.5,0.0,45.4,23.5,21.6,3,4,0,Spring
2023-04-01,24.4,0.0,43.4,16.2,15.3,4,5,1,Spring
2023-04-02,26.6,0.0,40.0,11.5,15.1,4,6,1,Spring
2023-04-03,26.7,0.0,37.0,20.5,10.9,4,0,0,Spring
2023-04-04,27.4,0.0,37.2,24.1,22.7,4,1,0,Spring
2023-04-05,27.5,0.0,35.6,14.8,29.8,4,2,0,Spring
2023-04-06,27.8,0.0,38.1,9.4,30.0,4,3,0,Spring
2023-04-07,28.2,0.0,38.3,18.4,44.6,4,4,0,Spring
2023-04-08,27.5,0.3,44.1,22.3,48.9,4,5,1,Spring
2023-04-09,28.6,0.0,39.3,20.5,39.4,4,6,1,Spring
2023-04-10,29.6,0.0,35.0,18.4,33.1,4,0,0,Spring
2023-04-11,30.5,0.0,33.2,14.8,22.5,4,1,0,Spring
2023-04-12,31.1,0.0,32.2,14.0,39.7,4,2,0,Spring
2023-04-13,30.6,0.0,31.3,20.5,38.9,4,3,0,Spring
2023-04-14,30.4,0.0,29.3,20.1,45.7,4,4,0,Spring
2023-04-15,30.7,0.0,30.8,22.3,46.7,4,5,1,Spring
2023-04-16,31.4,0.0,30.5,25.9,24.9,4,6,1,Spring
2023-04-17,31.0,0.0,26.6,25.4,20.7,4,0,0,Spring
2023-04-18,30.9,0.0,26.6,13.0,36.5,4,1,0,Spring
2023-04-19,30.8,0.0,31.7,20.5,52.8,4,2,0,Spring
2023-04-20,29.9,0.0,32.4,25.9,29.1,4,3,0,Spring
2023-04-21,29.4,0.0,31.4,20.5,29.9,4,4,0,Spring
2023-04-22,28.0,0.0,34.4,25.2,53.5,4,5,1,Spring
2023-04-23,28.2,0.0,32.5,18.0,31.9,4,6,1,Spring
2023-04-24,28.7,0.0,21.8,23.6,19.1,4,0,0,Spring
2023-04-25,30.2,0.0,27.7,24.1,38.3,4,1,0,Spring
2023-04-26,29.3,0.0,38.7,37.1,41.4,4,2,0,Spring
2023-04-27,27.0,0.5,50.4,27.7,45.4,4,3,0,Spring
2023-04-28,25.6,3.7,61.0,81.7,53.5,4,4,0,Spring
2023-04-29,24.8,0.1,65.1,22.3,61.0,4,5,1,Spring
2023-04-30,22.6,28.9,75.5,22.3,55.8,4,6,1,Spring
2023-05-01,24.1,0.1,64.4,16.6,41.4,5,0,0,Spring
2023-05-02,25.8,1.0,58.2,20.5,45.8,5,1,0,Spring
2023-05-03,25.2,0.0,62.4,24.1,56.2,5,2,0,Spring
2023-05-04,25.7,2.1,63.3,25.9,64.8,5,3,0,Spring
2023-05-05,27.1,0.0,57.1,16.6,56.2,5,4,0,Spring
2023-05-06,28.8,0.0,51.2,19.7,54.8,5,5,1,Spring
2023-05-07,30.6,0.2,46.0,14.8,43.6,5,6,1,Spring
2023-05-08,31.2,0.0,40.2,16.6,24.6,5,0,0,Spring
2023-05-09,32.1,0.0,28.1,13.0,9.5,5,1,0,Spring
2023-05-10,32.7,0.0,19.4,13.9,2.4,5,2,0,Spring
2023-05-11,33.0,0.0,19.7,16.6,0.0,5,3,0,Spring
2023-05-12,33.9,0.0,18.3,16.6,0.0,5,4,0,Spring
2023-05-13,34.0,0.0,22.5,17.6,14.5,5,5,1,Spring
2023-05-14,33.0,0.0,30.3,25.9,15.5,5,6,1,Spring
2023-05-15,31.9,0.0,37.4,25.9,16.4,5,0,0,Spring
2023-05-16,31.2,0.0,48.6,25.9,26.9,5,1,0,Spring
2023-05-17,30.8,0.0,49.8,27.7,21.5,5,2,0,Spring
2023-05-18,32.0,0.0,37.9,22.3,12.9,5,3,0,Spring
2023-05-19,31.5,19.0,39.9,29.5,18.4,5,4,0,Spring
2023-05-20,31.8,29.0,43.9,46.4,31.3,5,5,1,Spring
2023-05-21,30.5,7.0,47.0,37.1,24.7,5,6,1,Spring
2023-05-22,30.3,0.4,48.1,17.9,32.6,5,0,0,Spring
2023-05-23,30.8,0.0,46.1,20.5,29.4,5,1,0,Spring
2023-05-24,31.5,0.0,40.8,33.5,22.2,5,2,0,Spring
2023-05-25,31.2,0.0,43.9,29.5,20.1,5,3,0,Spring
2023-05-26,30.1,0.1,47.0,33.5,15.0,5,4,0,Spring
2023-05-27,31.3,0.0,50.8,33.5,21.6,5,5,1,Spring
2023-05-28,30.0,0.0,54.8,22.3,29.9,5,6,1,Spring
2023-05-29,27.8,5.0,55.3,25.9,23.6,5,0,0,Spring
2023-05-30,29.7,0.0,49.2,78.0,25.5,5,1,0,Spring
2023-05-31,30.6,0.0,39.6,18.4,10.3,5,2,0,Spring
2023-06-01,32.0,0.0,32.4,25.9,18.7,6,3,0,Summer
2023-06-02,31.6,0.0,43.1,20.5,18.1,6,4,0,Summer
2023-06-03,29.3,3.0,56.1,29.5,36.2,6,5,1,Summer
2023-06-04,27.5,0.0,56.1,29.5,36.3,6,6,1,Summer
2023-06-05,30.2,0.0,54.5,22.3,22.2,6,0,0,Summer
2023-06-06,30.5,0.0,53.5,21.8,26.6,6,1,0,Summer
2023-06-07,30.0,0.1,52.9,33.5,32.6,6,2,0,Summer
2023-06-08,30.8,0.0,54.2,29.5,26.6,6,3,0,Summer
2023-06-09,31.8,0.0,48.9,21.8,20.8,6,4,0,Summer
2023-06-10,32.3,0.0,49.0,27.7,28.0,6,5,1,Summer
2023-06-11,32.0,0.0,50.9,20.5,21.7,6,6,1,Summer
2023-06-12,32.7,0.0,46.5,22.3,20.8,6,0,0,Summer
2023-06-13,32.6,0.0,46.9,24.1,25.3,6,1,0,Summer
2023-06-14,31.5,0.0,52.3,29.5,30.1,6,2,0,Summer
2023-06-15,31.1,0.0,51.3,25.9,30.0,6,3,0,Summer
2023-06-16,30.6,0.0,53.3,31.7,33.6,6,4,0,Summer
2023-06-17,29.9,0.0,57.7,37.1,48.8,6,5,1,Summer
2023-06-18,29.5,0.0,59.6,37.1,46.2,6,6,1,Summer
2023-06-19,28.6,0.0,62.6,36.2,65.4,6,0,0,Summer
2023-06-20,29.2,0.0,60.3,25.9,42.0,6,1,0,Summer
2023-06-21,29.6,0.0,61.1,24.1,64.2,6,2,0,Summer
2023-06-22,28.6,6.0,64.2,22.3,81.4,6,3,0,Summer
2023-06-23,27.6,15.0,70.0,20.5,90.6,6,4,0,Summer
2023-06-24,23.6,55.0,89.3,18.4,77.8,6,5,1,Summer
2023-06-25,25.7,8.8,84.0,18.4,77.3,6,6,1,Summer
2023-06-26,25.0,0.4,84.3,27.7,89.9,6,0,0,Summer
2023-06-27,25.3,0.7,84.8,16.9,88.5,6,1,0,Summer
2023-06-28,25.6,1.0,83.9,22.3,79.0,6,2,0,Summer
2023-06-29,24.6,18.0,89.7,22.3,87.1,6,3,0,Summer
2023-06-30,24.8,23.0,87.3,20.5,87.5,6,4,0,Summer
2023-07-01,24.8,14.0,87.3,24.1,79.8,7,5,1,Summer
2023-07-02,25.1,8.0,87.8,17.9,79.9,7,6,1,Summer
2023-07-03,27.4,0.0,79.3,17.9,67.1,7,0,0,Summer
2023-07-04,28.3,17.0,77.5,16.6,68.0,7,1,0,Summer
2023-07-05,26.1,5.3,84.7,13.0,72.7,7,2,0,Summer
2023-07-06,26.4,48.0,85.0,14.8,65.9,7,3,0,Summer
2023-07-07,26.3,11.0,82.7,13.0,76.2,7,4,0,Summer
2023-07-08,26.3,12.0,84.0,24.1,79.4,7,5,1,Summer
2023-07-09,25.2,3.0,86.6,25.3,82.8,7,6,1,Summer
2023-07-10,25.4,0.1,86.0,29.5,78.9,7,0,0,Summer
2023-07-11,24.3,11.0,89.7,24.1,89.6,7,1,0,Summer
2023-07-12,24.7,6.0,88.9,19.1,88.9,7,2,0,Summer
2023-07-13,25.6,4.3,87.6,20.5,86.9,7,3,0,Summer
2023-07-14,25.3,40.7,87.1,18.4,89.6,7,4,0,Summer
2023-07-15,25.1,2.0,87.1,22.3,89.7,7,5,1,Summer
2023-07-16,24.4,7.5,88.6,25.9,88.5,7,6,1,Summer
2023-07-17,25.2,17.0,88.6,18.4,88.8,7,0,0,Summer
2023-07-18,25.6,14.0,91.0,15.1,91.7,7,1,0,Summer
2023-07-19,25.6,21.0,89.8,14.8,88.4,7,2,0,Summer
2023-07-20,27.1,30.0,85.9,11.2,81.5,7,3,0,Summer
2023-07-21,26.1,61.3,88.3,22.3,83.9,7,4,0,Summer
2023-07-22,25.5,56.7,89.2,13.0,84.8,7,5,1,Summer
2023-07-23,26.6,0.0,85.5,14.8,66.6,7,6,1,Summer
2023-07-24,26.4,1.0,83.2,21.7,60.3,7,0,0,Summer
2023-07-25,26.3,0.8,84.6,16.2,82.4,7,1,0,Summer
2023-07-26,26.5,0.0,85.0,14.8,78.0,7,2,0,Summer
2023-07-27,26.1,6.0,87.8,18.4,79.0,7,3,0,Summer
2023-07-28,24.7,9.0,91.5,21.0,89.2,7,4,0,Summer
2023-07-29,24.8,0.1,86.8,22.3,82.1,7,5,1,Summer
2023-07-30,25.1,21.0,84.3,22.3,74.1,7,6,1,Summer
2023-07-31,25.3,3.4,85.8,24.1,66.4,7,0,0,Summer
2023-08-01,24.9,8.6,88.7,22.3,78.5,8,1,0,Summer
2023-08-02,24.5,5.0,88.1,25.9,88.8,8,2,0,Summer
2023-08-03,23.9,0.3,89.0,23.4,89.3,8,3,0,Summer
2023-08-04,23.9,0.2,89.8,19.1,82.8,8,4,0,Summer
2023-08-05,24.3,5.0,89.7,18.4,78.1,8,5,1,Summer
2023-08-06,24.9,0.2,86.0,24.1,76.6,8,6,1,Summer
2023-08-07,24.7,0.2,83.3,29.5,84.4,8,0,0,Summer
2023-08-08,24.6,0.0,84.4,22.3,79.3,8,1,0,Summer
2023-08-09,25.0,0.2,83.1,22.7,69.2,8,2,0,Summer
2023-08-10,25.0,0.0,82.4,22.3,56.7,8,3,0,Summer
2023-08-11,25.0,0.0,81.2,22.3,50.2,8,4,0,Summer
2023-08-12,24.6,0.9,82.5,20.5,56.8,8,5,1,Summer
2023-08-13,24.0,5.9,86.6,24.1,78.3,8,6,1,Summer
2023-08-14,24.3,0.1,84.3,22.3,74.4,8,0,0,Summer
2023-08-15,25.2,0.1,83.1,18.4,65.8,8,1,0,Summer
2023-08-16,24.6,0.2,85.6,18.4,51.1,8,2,0,Summer
2023-08-17,24.9,0.0,83.3,18.4,53.7,8,3,0,Summer
2023-08-18,24.0,2.0,86.5,20.5,76.2,8,4,0,Summer
2023-08-19,23.4,24.0,90.1,18.4,89.1,8,5,1,Summer
2023-08-20,23.5,3.1,91.2,18.4,89.8,8,6,1,Summer
2023-08-21,22.5,2.0,91.8,20.5,84.9,8,0,0,Summer
2023-08-22,23.5,0.2,91.2,16.6,89.9,8,1,0,Summer
2023-08-23,24.4,0.2,86.5,25.9,74.5,8,2,0,Summer
2023-08-24,24.5,0.3,84.9,27.7,67.3,8,3,0,Summer
2023-08-25,24.9,0.0,82.5,20.5,45.0,8,4,0,Summer
2023-08-26,25.1,0.0,80.7,16.6,39.8,8,5,1,Summer
2023-08-27,24.8,0.0,80.2,27.7,31.0,8,6,1,Summer
2023-08-28,24.6,0.0,80.1,25.9,31.3,8,0,0,Summer
2023-08-29,25.1,0.0,76.4,18.4,29.9,8,1,0,Summer
2023-08-30,25.1,0.0,78.0,16.2,26.7,8,2,0,Summer
2023-08-31,26.0,0.0,75.4,13.0,25.8,8,3,0,Summer
2023-09-01,26.7,0.0,74.1,13.0,25.0,9,4,0,Fall
2023-09-02,26.9,0.0,72.3,14.8,22.5,9,5,1,Fall
2023-09-03,27.0,0.0,72.0,14.8,43.7,9,6,1,Fall
2023-09-04,27.0,0.0,73.9,16.6,45.1,9,0,0,Fall
2023-09-05,27.3,0.0,72.1,18.4,37.7,9,1,0,Fall
2023-09-06,25.1,16.0,84.9,18.4,73.7,9,2,0,Fall
2023-09-07,24.4,19.0,89.9,14.8,88.0,9,3,0,Fall
2023-09-08,23.6,53.0,93.3,13.0,90.2,9,4,0,Fall
2023-09-09,23.9,81.0,91.9,22.3,86.9,9,5,1,Fall
2023-09-10,23.9,3.0,90.0,27.7,69.7,9,6,1,Fall
2023-09-11,25.0,0.0,83.1,29.5,50.6,9,0,0,Fall
2023-09-12,25.1,0.0,82.1,25.9,65.2,9,1,0,Fall
2023-09-13,23.7,2.0,88.7,22.3,75.4,9,2,0,Fall
2023-09-14,24.4,4.0,88.5,13.0,85.9,9,3,0,Fall
2023-09-15,23.9,78.0,91.3,20.5,92.3,9,4,0,Fall
2023-09-16,22.6,215.0,94.6,31.7,97.5,9,5,1,Fall
2023-09-17,22.1,29.0,92.9,38.7,92.2,9,6,1,Fall
2023-09-18,24.0,0.2,87.0,25.9,76.0,9,0,0,Fall
2023-09-19,25.4,0.0,81.9,18.4,46.4,9,1,0,Fall
2023-09-20,26.5,0.0,79.4,13.0,43.2,9,2,0,Fall
2023-09-21,26.3,0.9,83.9,9.4,65.4,9,3,0,Fall
2023-09-22,25.6,0.0,85.1,14.8,67.1,9,4,0,Fall
2023-09-23,25.1,2.7,87.4,17.9,74.3,9,5,1,Fall
2023-09-24,26.2,0.0,82.8,13.0,54.4,9,6,1,Fall
2023-09-25,25.3,2.4,85.2,11.5,67.5,9,0,0,Fall
2023-09-26,26.0,1.0,82.0,13.0,62.4,9,1,0,Fall
2023-09-27,26.3,0.1,80.2,11.2,58.1,9,2,0,Fall
2023-09-28,26.0,0.5,77.9,14.8,38.1,9,3,0,Fall
2023-09-29,27.4,0.0,71.4,14.8,47.9,9,4,0,Fall
2023-09-30,27.8,0.0,56.6,13.0,31.3,9,5,1,Fall
2023-10-01,27.6,0.0,50.6,11.2,25.0,10,6,1,Fall
2023-10-02,27.0,0.0,52.5,14.0,36.6,10,0,0,Fall
2023-10-03,26.3,0.0,58.8,14.8,25.6,10,1,0,Fall
2023-10-04,25.8,0.0,59.6,16.6,10.6,10,2,0,Fall
2023-10-05,25.7,0.0,61.3,16.6,3.4,10,3,0,Fall
2023-10-06,25.7,0.0,59.7,18.4,20.2,10,4,0,Fall
2023-10-07,26.0,0.0,61.9,11.2,10.0,10,5,1,Fall
2023-10-08,26.3,0.0,60.6,14.8,1.3,10,6,1,Fall
2023-10-09,26.6,0.0,60.4,16.6,0.0,10,0,0,Fall
2023-10-10,26.3,0.0,60.8,16.6,3.7,10,1,0,Fall
2023-10-11,26.0,0.0,57.6,14.8,9.5,10,2,0,Fall
2023-10-12,26.5,0.0,54.4,16.6,18.5,10,3,0,Fall
2023-10-13,26.9,0.0,50.1,9.4,38.4,10,4,0,Fall
2023-10-14,27.0,0.0,47.5,14.3,31.7,10,5,1,Fall
2023-10-15,26.5,0.0,52.1,17.8,24.7,10,6,1,Fall
2023-10-16,26.8,0.0,57.2,27.7,39.1,10,0,0,Fall
2023-10-17,26.7,0.0,56.5,11.2,29.0,10,1,0,Fall
2023-10-18,26.4,0.0,51.6,13.0,22.6,10,2,0,Fall
2023-10-19,25.9,0.0,57.0,14.8,22.3,10,3,0,Fall
2023-10-20,26.6,0.0,57.5,14.8,20.9,10,4,0,Fall
2023-10-21,27.0,0.0,52.0,11.2,51.7,10,5,1,Fall
2023-10-22,26.7,0.0,51.2,9.1,31.1,10,6,1,Fall
2023-10-23,26.2,0.0,47.2,14.8,40.1,10,0,0,Fall
2023-10-24,25.5,0.0,44.7,11.2,30.4,10,1,0,Fall
2023-10-25,25.0,0.0,39.5,14.8,10.0,10,2,0,Fall
2023-10-26,24.5,0.0,39.1,9.4,14.6,10,3,0,Fall
2023-10-27,24.7,0.0,38.4,14.8,3.4,10,4,0,Fall
2023-10-28,24.4,0.0,41.8,14.8,10.8,10,5,1,Fall
2023-10-29,24.9,0.0,43.5,13.0,16.3,10,6,1,Fall
2023-10-30,24.3,0.0,48.9,18.4,35.8,10,0,0,Fall
2023-10-31,24.7,0.0,48.0,18.4,39.3,10,1,0,Fall
2023-11-01,24.4,0.0,50.4,18.4,0.4,11,2,0,Fall
2023-11-02,24.4,0.0,46.8,16.6,0.8,11,3,0,Fall
2023-11-03,24.1,0.0,45.7,13.0,0.0,11,4,0,Fall
2023-11-04,23.9,0.0,46.8,14.8,7.5,11,5,1,Fall
2023-11-05,24.3,0.0,46.2,16.6,4.9,11,6,1,Fall
2023-11-06,24.4,0.0,44.0,13.0,9.0,11,0,0,Fall
2023-11-07,24.3,0.0,46.1,13.0,19.3,11,1,0,Fall
2023-11-08,25.0,0.0,46.6,13.0,8.4,11,2,0,Fall
2023-11-09,24.5,0.0,48.8,11.2,8.1,11,3,0,Fall
2023-11-10,25.2,0.0,48.0,16.6,16.8,11,4,0,Fall
2023-11-11,24.8,0.0,47.9,13.0,1.8,11,5,1,Fall
2023-11-12,23.0,0.0,43.2,14.8,11.9,11,6,1,Fall
2023-11-13,21.7,0.0,51.1,16.6,25.7,11,0,0,Fall
2023-11-14,22.3,0.0,48.7,11.2,7.4,11,1,0,Fall
2023-11-15,21.9,0.0,48.9,14.8,1.3,11,2,0,Fall
2023-11-16,21.3,0.0,54.8,14.8,0.3,11,3,0,Fall
2023-11-17,21.2,0.0,56.8,14.8,1.7,11,4,0,Fall
2023-11-18,21.9,0.0,58.4,11.2,10.0,11,5,1,Fall
2023-11-19,22.9,0.0,58.7,16.6,6.2,11,6,1,Fall
2023-11-20,23.3,0.0,57.0,14.8,7.3,11,0,0,Fall
2023-11-21,22.1,0.0,59.2,11.2,2.3,11,1,0,Fall
2023-11-22,21.9,0.0,58.5,13.0,1.5,11,2,0,Fall
2023-11-23,21.9,0.0,55.1,13.0,15.5,11,3,0,Fall
2023-11-24,21.5,0.0,54.1,18.4,18.0,11,4,0,Fall
2023-11-25,21.5,0.0,54.3,14.8,6.0,11,5,1,Fall
2023-11-26,19.6,24.0,69.4,27.7,55.8,11,6,1,Fall
2023-11-27,17.4,26.0,93.2,29.5,88.0,11,0,0,Fall
2023-11-28,19.5,0.5,88.4,13.0,43.8,11,1,0,Fall
2023-11-29,19.3,0.0,93.0,14.8,47.0,11,2,0,Fall
2023-11-30,21.2,0.1,90.8,14.8,55.8,11,3,0,Fall
2023-12-01,21.9,0.0,87.5,27.7,47.3,12,4,0,Winter
2023-12-02,20.6,2.0,92.6,20.5,42.0,12,5,1,Winter
2023-12-03,22.9,2.0,90.9,27.7,33.2,12,6,1,Winter
2023-12-04,21.4,0.0,87.8,22.3,53.1,12,0,0,Winter
2023-12-05,19.0,0.0,92.8,21.3,85.7,12,1,0,Winter
2023-12-06,18.6,0.0,90.8,22.3,62.9,12,2,0,Winter
2023-12-07,19.6,0.0,86.0,20.0,50.2,12,3,0,Winter
2023-12-08,20.6,0.0,86.7,16.6,40.9,12,4,0,Winter
2023-12-09,20.8,0.0,74.5,18.4,29.0,12,5,1,Winter
2023-12-10,20.3,0.0,79.8,18.4,17.0,12,6,1,Winter
2023-12-11,21.0,0.0,83.5,14.8,17.8,12,0,0,Winter
2023-12-12,20.6,0.0,75.3,14.8,38.3,12,1,0,Winter
2023-12-13,19.5,0.0,57.0,13.0,23.5,12,2,0,Winter
2023-12-14,18.7,0.0,64.5,13.0,11.5,12,3,0,Winter
2023-12-15,19.5,0.0,63.4,11.2,21.5,12,4,0,Winter
2023-12-16,19.6,0.0,63.1,13.0,35.5,12,5,1,Winter
2023-12-17,18.5,0.0,62.2,14.8,20.6,12,6,1,Winter
2023-12-18,17.4,0.0,53.1,22.3,17.6,12,0,0,Winter
2023-12-19,16.2,0.0,56.5,22.3,25.1,12,1,0,Winter
2023-12-20,16.6,0.0,54.0,20.5,30.9,12,2,0,Winter
2023-12-21,17.7,0.0,55.3,20.5,59.0,12,3,0,Winter
2023-12-22,17.7,0.0,58.4,16.6,59.7,12,4,0,Winter
2023-12-23,19.2,0.0,58.0,14.8,24.4,12,5,1,Winter
2023-12-24,19.8,0.0,61.1,13.0,1.3,12,6,1,Winter
2023-12-25,20.2,0.0,62.8,9.0,0.0,12,0,0,Winter
2023-12-26,20.6,0.0,63.4,9.4,0.0,12,1,0,Winter
2023-12-27,21.0,0.0,64.0,14.8,14.0,12,2,0,Winter
2023-12-28,19.5,0.0,67.1,14.8,31.5,12,3,0,Winter
2023-12-29,19.8,0.0,67.8,13.0,20.8,12,4,0,Winter
2023-12-30,21.1,0.0,69.1,13.0,5.8,12,5,1,Winter
2023-12-31,21.7,0.0,67.7,11.2,11.3,12,6,1,Winter
2024-01-01,20.0,0.0,75.8,14.8,11.0,1,0,0,Winter
2024-01-02,18.9,0.0,80.7,13.0,12.3,1,1,0,Winter
2024-01-03,18.3,3.0,85.5,14.8,48.2,1,2,0,Winter
2024-01-04,17.4,0.0,87.7,14.8,83.1,1,3,0,Winter
2024-01-05,16.4,0.0,89.2,11.2,83.8,1,4,0,Winter
2024-01-06,16.1,0.0,83.8,14.8,54.6,1,5,1,Winter
2024-01-07,15.8,5.0,90.1,20.5,62.5,1,6,1,Winter
2024-01-08,19.1,0.0,81.3,16.6,42.8,1,0,0,Winter
2024-01-09,19.6,0.0,77.6,18.0,25.4,1,1,0,Winter
2024-01-10,17.8,0.0,86.2,14.8,55.3,1,2,0,Winter
2024-01-11,18.9,0.0,83.5,13.0,27.1,1,3,0,Winter
2024-01-12,20.2,0.0,77.2,13.0,9.5,1,4,0,Winter
2024-01-13,21.5,0.0,69.0,18.4,6.7,1,5,1,Winter
2024-01-14,18.7,0.0,66.3,18.4,10.8,1,6,1,Winter
2024-01-15,17.3,0.0,71.1,13.0,1.7,1,0,0,Winter
2024-01-16,18.1,0.0,68.7,11.2,5.9,1,1,0,Winter
2024-01-17,18.5,0.0,68.9,9.4,26.2,1,2,0,Winter
2024-01-18,17.8,0.0,66.4,14.8,9.8,1,3,0,Winter
2024-01-19,17.1,0.0,58.3,20.5,18.2,1,4,0,Winter
2024-01-20,16.6,0.0,63.0,20.5,52.6,1,5,1,Winter
2024-01-21,15.2,0.0,60.2,13.0,17.1,1,6,1,Winter
2024-01-22,15.9,0.0,56.9,16.6,22.9,1,0,0,Winter
2024-01-23,16.5,0.0,50.4,22.3,13.3,1,1,0,Winter
2024-01-24,16.1,0.0,53.0,13.0,1.3,1,2,0,Winter
2024-01-25,16.6,0.0,55.1,14.8,9.6,1,3,0,Winter
2024-01-26,17.3,0.0,53.2,13.0,19.3,1,4,0,Winter
2024-01-27,18.1,0.0,54.4,11.2,35.5,1,5,1,Winter
2024-01-28,20.0,0.0,53.0,18.4,29.4,1,6,1,Winter
2024-01-29,19.6,0.0,57.4,13.3,27.2,1,0,0,Winter
2024-01-30,19.3,0.0,58.2,11.2,32.9,1,1,0,Winter
2024-01-31,18.8,0.0,63.6,13.0,32.1,1,2,0,Winter
2024-02-01,19.0,0.0,68.1,14.8,14.8,2,3,0,Winter
2024-02-02,20.0,0.0,64.0,9.4,21.4,2,4,0,Winter
2024-02-03,21.0,0.0,59.3,16.6,7.0,2,5,1,Winter
2024-02-04,22.6,0.0,56.1,16.6,14.5,2,6,1,Winter
2024-02-05,22.1,0.0,61.3,16.6,7.8,2,0,0,Winter
2024-02-06,20.4,0.0,67.0,14.8,1.9,2,1,0,Winter
2024-02-07,19.7,0.0,69.7,16.6,24.3,2,2,0,Winter
2024-02-08,17.1,0.0,57.4,20.5,21.8,2,3,0,Winter
2024-02-09,18.0,0.0,48.3,18.4,5.3,2,4,0,Winter
2024-02-10,19.0,0.0,52.4,18.4,23.0,2,5,1,Winter
2024-02-11,18.8,0.0,58.9,25.9,29.3,2,6,1,Winter
2024-02-12,20.3,0.0,62.3,18.4,40.6,2,0,0,Winter
2024-02-13,20.3,0.0,67.7,14.8,52.2,2,1,0,Winter
2024-02-14,20.9,0.0,62.5,11.2,35.1,2,2,0,Winter
2024-02-15,21.1,0.0,58.8,24.1,10.5,2,3,0,Winter
2024-02-16,22.1,0.0,56.3,20.5,6.1,2,4,0,Winter
2024-02-17,23.6,0.0,55.1,14.8,18.3,2,5,1,Winter
2024-02-18,24.1,0.0,51.4,14.8,24.3,2,6,1,Winter
2024-02-19,23.1,0.0,43.7,22.3,18.0,2,0,0,Winter
2024-02-20,22.9,0.0,46.6,24.1,10.8,2,1,0,Winter
2024-02-21,21.2,0.0,55.9,27.7,21.7,2,2,0,Winter
2024-02-22,20.2,0.0,59.9,18.4,27.5,2,3,0,Winter
2024-02-23,20.1,0.0,50.6,11.2,10.9,2,4,0,Winter
2024-02-24,20.3,0.0,47.2,14.8,8.6,2,5,1,Winter
2024-02-25,20.1,0.0,44.2,27.7,6.7,2,6,1,Winter
2024-02-26,20.8,0.0,52.1,27.7,51.9,2,0,0,Winter
2024-02-27,24.2,0.0,63.7,24.1,38.9,2,1,0,Winter
2024-02-28,22.9,0.0,57.8,21.4,4.4,2,2,0,Winter
2024-02-29,25.0,0.0,49.5,24.1,6.4,2,3,0,Winter
2024-03-01,25.8,2.0,50.8,25.9,27.1,3,4,0,Spring
2024-03-02,24.8,0.0,54.2,22.3,39.5,3,5,1,Spring
2024-03-03,20.5,0.0,57.1,25.9,35.7,3,6,1,Spring
2024-03-04,18.3,0.0,39.9,13.0,10.3,3,0,0,Spring
2024-03-05,21.2,0.0,38.7,22.3,0.0,3,1,0,Spring
2024-03-06,22.0,0.0,41.6,18.4,4.3,3,2,0,Spring
2024-03-07,22.7,0.0,40.3,13.0,6.8,3,3,0,Spring
2024-03-08,22.3,0.0,38.8,14.8,0.0,3,4,0,Spring
2024-03-09,23.2,0.0,37.7,24.1,0.2,3,5,1,Spring
2024-03-10,23.8,0.0,39.6,24.1,11.6,3,6,1,Spring
2024-03-11,25.1,0.0,40.8,14.8,0.5,3,0,0,Spring
2024-03-12,25.4,0.0,40.5,14.8,0.0,3,1,0,Spring
2024-03-13,24.7,0.0,38.2,18.4,0.0,3,2,0,Spring
2024-03-14,24.5,0.0,38.9,16.6,0.0,3,3,0,Spring
2024-03-15,24.3,0.0,38.2,14.8,1.3,3,4,0,Spring
2024-03-16,25.9,0.0,37.6,23.5,8.0,3,5,1,Spring
2024-03-17,26.3,0.0,36.4,25.9,9.0,3,6,1,Spring
2024-03-18,25.8,0.0,38.7,14.8,14.5,3,0,0,Spring
2024-03-19,25.5,0.0,29.9,14.8,0.1,3,1,0,Spring
2024-03-20,25.8,0.0,28.3,16.6,4.5,3,2,0,Spring
2024-03-21,26.0,0.0,28.4,13.0,24.9,3,3,0,Spring
2024-03-22,27.2,0.0,28.0,16.6,11.4,3,4,0,Spring
2024-03-23,27.7,0.0,28.0,16.6,13.8,3,5,1,Spring
2024-03-24,28.2,0.0,34.1,20.5,32.4,3,6,1,Spring
2024-03-25,28.1,0.0,33.4,14.8,15.6,3,0,0,Spring
2024-03-26,29.4,0.0,30.7,14.8,33.9,3,1,0,Spring
2024-03-27,30.3,0.0,31.0,14.8,27.4,3,2,0,Spring
2024-03-28,30.3,0.0,35.5,13.0,36.3,3,3,0,Spring
2024-03-29,28.9,0.2,41.3,13.0,40.8,3,4,0,Spring
2024-03-30,29.5,0.0,39.4,14.8,48.1,3,5,1,Spring
2024-03-31,28.3,0.0,35.5,22.3,26.8,3,6,1,Spring
2024-04-01,26.9,0.0,30.4,22.3,38.3,4,0,0,Spring
2024-04-02,27.8,0.0,32.8,16.6,34.8,4,1,0,Spring
2024-04-03,29.0,0.0,32.2,26.2,31.6,4,2,0,Spring
2024-04-04,28.6,0.0,35.4,14.8,23.3,4,3,0,Spring
2024-04-05,27.9,0.0,36.9,21.8,17.9,4,4,0,Spring
2024-04-06,28.3,0.0,32.1,20.5,42.7,4,5,1,Spring
2024-04-07,28.6,0.0,33.7,12.2,50.4,4,6,1,Spring
2024-04-08,29.0,0.0,31.3,13.0,17.7,4,0,0,Spring
2024-04-09,29.0,0.0,45.7,24.1,19.3,4,1,0,Spring
2024-04-10,27.9,0.0,55.2,20.0,46.4,4,2,0,Spring
2024-04-11,27.2,0.0,55.7,29.5,61.5,4,3,0,Spring
2024-04-12,28.1,0.8,54.8,22.3,43.7,4,4,0,Spring
2024-04-13,27.9,0.0,54.8,20.5,30.6,4,5,1,Spring
2024-04-14,29.6,0.0,45.2,22.3,25.7,4,6,1,Spring
2024-04-15,30.9,0.9,42.8,14.4,32.3,4,0,0,Spring
2024-04-16,30.5,0.0,38.6,14.4,13.1,4,1,0,Spring
2024-04-17,31.8,0.0,30.1,14.0,14.8,4,2,0,Spring
2024-04-18,32.7,0.0,26.8,18.4,21.5,4,3,0,Spring
2024-04-19,32.0,0.0,32.4,17.3,28.0,4,4,0,Spring
2024-04-20,30.7,0.0,35.2,24.1,29.2,4,5,1,Spring
2024-04-21,29.6,0.0,36.5,13.0,31.8,4,6,1,Spring
2024-04-22,28.6,4.0,44.1,14.8,31.4,4,0,0,Spring
2024-04-23,29.9,0.0,35.9,22.3,7.8,4,1,0,Spring
2024-04-24,30.8,0.0,30.3,20.5,7.2,4,2,0,Spring
2024-04-25,31.4,0.0,31.5,13.0,38.5,4,3,0,Spring
2024-04-26,29.2,0.1,45.0,14.8,56.6,4,4,0,Spring
2024-04-27,30.7,0.0,40.7,14.8,39.5,4,5,1,Spring
2024-04-28,31.3,0.0,28.3,16.6,31.7,4,6,1,Spring
2024-04-29,31.9,0.0,28.4,25.9,25.6,4,0,0,Spring
2024-04-30,31.1,0.0,25.9,25.9,2.1,4,1,0,Spring
2024-05-01,29.6,0.0,22.1,24.1,0.7,5,2,0,Spring
2024-05-02,29.2,0.0,18.2,14.8,8.8,5,3,0,Spring
2024-05-03,30.7,0.0,19.7,18.4,8.6,5,4,0,Spring
2024-05-04,32.1,0.0,24.5,17.6,34.8,5,5,1,Spring
2024-05-05,31.7,0.0,35.0,27.7,39.1,5,6,1,Spring
2024-05-06,31.8,0.0,37.3,24.1,26.5,5,0,0,Spring
2024-05-07,32.0,0.0,37.8,20.0,13.8,5,1,0,Spring
2024-05-08,31.3,7.0,45.9,23.5,29.5,5,2,0,Spring
2024-05-09,31.7,0.0,44.2,18.4,35.9,5,3,0,Spring
2024-05-10,31.7,0.0,45.4,37.1,24.7,5,4,0,Spring
2024-05-11,31.6,0.0,43.0,16.6,33.9,5,5,1,Spring
2024-05-12,32.1,0.0,39.9,16.6,41.6,5,6,1,Spring
2024-05-13,29.7,7.0,50.2,20.5,43.3,5,0,0,Spring
2024-05-14,29.2,0.1,45.9,24.1,51.6,5,1,0,Spring
2024-05-15,30.8,0.0,41.9,16.6,54.6,5,2,0,Spring
2024-05-16,32.5,0.0,37.1,14.8,25.2,5,3,0,Spring
2024-05-17,32.0,5.0,39.9,25.4,56.4,5,4,0,Spring
2024-05-18,33.1,0.0,36.4,20.5,40.5,5,5,1,Spring
2024-05-19,35.7,0.0,29.1,22.3,35.2,5,6,1,Spring
2024-05-20,35.2,0.0,28.9,16.6,29.8,5,0,0,Spring
2024-05-21,35.2,0.0,33.3,16.6,36.7,5,1,0,Spring
2024-05-22,36.6,0.0,27.2,14.8,41.1,5,2,0,Spring
2024-05-23,36.6,0.0,29.8,18.4,41.1,5,3,0,Spring
2024-05-24,36.6,0.0,31.5,24.1,26.4,5,4,0,Spring
2024-05-25,36.1,0.0,31.4,20.5,26.5,5,5,1,Spring
2024-05-26,33.7,0.5,47.0,25.9,41.0,5,6,1,Spring
2024-05-27,35.1,0.0,44.0,27.7,19.0,5,0,0,Spring
2024-05-28,33.4,0.0,50.7,38.0,5.8,5,1,0,Spring
2024-05-29,32.5,0.0,52.0,30.0,9.2,5,2,0,Spring
2024-05-30,32.5,0.0,52.1,27.7,31.5,5,3,0,Spring
2024-05-31,32.7,0.0,48.3,24.1,11.3,5,4,0,Spring
2024-06-01,32.4,0.0,46.0,25.9,18.5,6,5,1,Summer
2024-06-02,32.8,0.0,43.1,22.3,13.8,6,6,1,Summer
2024-06-03,29.6,13.0,54.7,33.5,42.7,6,0,0,Summer
2024-06-04,30.9,0.0,56.0,21.7,44.3,6,1,0,Summer
2024-06-05,30.5,0.0,57.0,27.7,36.3,6,2,0,Summer
2024-06-06,32.5,0.4,50.8,23.1,34.5,6,3,0,Summer
2024-06-07,32.4,0.0,46.4,20.5,47.9,6,4,0,Summer
2024-06-08,28.0,11.0,66.5,18.4,69.9,6,5,1,Summer
2024-06-09,30.9,0.3,56.8,13.9,51.2,6,6,1,Summer
2024-06-10,29.7,0.0,61.5,18.4,69.3,6,0,0,Summer
2024-06-11,29.1,0.4,60.7,25.9,59.2,6,1,0,Summer
2024-06-12,28.6,4.1,65.4,23.6,62.0,6,2,0,Summer
2024-06-13,29.4,0.0,63.1,25.3,52.8,6,3,0,Summer
2024-06-14,29.8,0.0,59.6,25.9,53.2,6,4,0,Summer
2024-06-15,28.3,7.0,69.1,25.9,50.3,6,5,1,Summer
2024-06-16,29.9,0.0,64.5,25.9,46.7,6,6,1,Summer
2024-06-17,30.1,0.2,62.9,21.7,59.5,6,0,0,Summer
2024-06-18,30.8,0.0,60.6,25.3,45.9,6,1,0,Summer
2024-06-19,29.6,4.0,62.9,27.7,45.5,6,2,0,Summer
2024-06-20,28.9,0.0,67.4,24.1,42.2,6,3,0,Summer
2024-06-21,26.5,15.0,80.2,20.3,67.3,6,4,0,Summer
2024-06-22,27.2,0.1,77.3,18.4,69.6,6,5,1,Summer
2024-06-23,28.8,3.9,69.8,20.0,52.0,6,6,1,Summer
2024-06-24,27.6,22.0,76.7,22.3,62.6,6,0,0,Summer
2024-06-25,27.8,9.1,80.9,22.8,70.1,6,1,0,Summer
2024-06-26,29.2,0.1,72.7,33.5,47.7,6,2,0,Summer
2024-06-27,28.9,0.5,74.9,18.4,56.6,6,3,0,Summer
2024-06-28,27.7,0.9,79.8,22.3,55.0,6,4,0,Summer
2024-06-29,26.6,19.0,80.9,22.3,63.1,6,5,1,Summer
2024-06-30,26.1,0.1,84.4,27.7,75.4,6,6,1,Summer
2024-07-01,25.7,3.0,85.4,25.9,79.8,7,0,0,Summer
2024-07-02,24.9,4.0,86.1,27.0,82.0,7,1,0,Summer
2024-07-03,26.1,1.0,85.3,25.9,79.8,7,2,0,Summer
2024-07-04,26.1,0.7,85.1,24.1,89.0,7,3,0,Summer
2024-07-05,25.7,1.0,85.8,29.5,78.1,7,4,0,Summer
2024-07-06,25.7,0.0,85.5,25.9,84.8,7,5,1,Summer
2024-07-07,26.8,0.0,81.4,18.4,73.2,7,6,1,Summer
2024-07-08,26.2,0.1,86.3,18.4,77.5,7,0,0,Summer
2024-07-09,27.6,10.0,84.3,14.8,75.4,7,1,0,Summer
2024-07-10,27.6,1.3,83.0,22.3,83.3,7,2,0,Summer
2024-07-11,27.7,1.4,81.3,20.5,88.7,7,3,0,Summer
2024-07-12,26.7,5.1,85.5,24.1,87.7,7,4,0,Summer
2024-07-13,26.0,58.0,83.5,20.5,76.8,7,5,1,Summer
2024-07-14,26.0,12.0,85.7,18.4,82.7,7,6,1,Summer
2024-07-15,26.4,5.0,87.8,12.2,82.1,7,0,0,Summer
2024-07-16,27.0,32.2,84.7,9.4,74.0,7,1,0,Summer
2024-07-17,25.2,0.3,90.6,16.6,90.1,7,2,0,Summer
2024-07-18,26.7,0.0,84.0,18.4,77.6,7,3,0,Summer
2024-07-19,26.9,0.0,81.8,14.8,57.1,7,4,0,Summer
2024-07-20,26.4,0.0,84.5,14.8,78.7,7,5,1,Summer
2024-07-21,25.0,11.7,90.4,14.8,91.0,7,6,1,Summer
2024-07-22,24.9,3.0,90.0,20.5,91.3,7,0,0,Summer
2024-07-23,24.6,6.2,90.7,22.3,89.2,7,1,0,Summer
2024-07-24,24.1,1.0,91.1,25.9,89.0,7,2,0,Summer
2024-07-25,24.6,0.1,91.4,22.3,91.5,7,3,0,Summer
2024-07-26,24.6,3.5,92.7,19.8,94.0,7,4,0,Summer
2024-07-27,23.9,15.0,93.2,22.3,92.2,7,5,1,Summer
2024-07-28,24.1,65.0,93.3,18.4,98.4,7,6,1,Summer
2024-07-29,24.5,4.0,93.2,22.3,93.8,7,0,0,Summer
2024-07-30,24.8,0.1,89.5,16.6,83.5,7,1,0,Summer
2024-07-31,25.4,0.1,88.0,20.5,84.1,7,2,0,Summer
2024-08-01,24.8,0.1,88.1,22.3,87.4,8,3,0,Summer
2024-08-02,24.0,13.9,90.9,31.7,92.2,8,4,0,Summer
2024-08-03,24.0,5.0,91.7,24.1,92.2,8,5,1,Summer
2024-08-04,23.8,9.0,92.4,20.5,94.8,8,6,1,Summer
2024-08-05,24.7,0.1,89.5,25.9,88.8,8,0,0,Summer
2024-08-06,24.7,0.2,87.9,25.2,79.6,8,1,0,Summer
2024-08-07,24.6,0.0,86.1,24.1,84.5,8,2,0,Summer
2024-08-08,24.7,7.0,88.0,20.5,87.6,8,3,0,Summer
2024-08-09,23.1,3.1,91.5,18.4,91.3,8,4,0,Summer
2024-08-10,23.6,7.0,92.6,20.5,89.9,8,5,1,Summer
2024-08-11,24.3,0.4,91.0,18.4,84.6,8,6,1,Summer
2024-08-12,24.5,2.6,90.1,18.4,84.2,8,0,0,Summer
2024-08-13,25.2,4.0,88.6,20.5,74.5,8,1,0,Summer
2024-08-14,26.2,0.3,84.9,16.6,72.2,8,2,0,Summer
2024-08-15,25.6,9.0,86.9,18.4,82.0,8,3,0,Summer
2024-08-16,25.5,10.0,87.7,20.3,78.0,8,4,0,Summer
2024-08-17,26.2,0.0,82.6,14.8,61.7,8,5,1,Summer
2024-08-18,26.9,0.0,80.8,10.9,50.7,8,6,1,Summer
2024-08-19,27.3,0.0,79.1,13.0,42.5,8,0,0,Summer
2024-08-20,26.0,56.0,85.0,18.4,62.4,8,1,0,Summer
2024-08-21,25.8,11.0,85.9,27.7,72.0,8,2,0,Summer
2024-08-22,27.0,0.0,82.2,11.2,78.6,8,3,0,Summer
2024-08-23,24.2,80.0,92.1,16.6,93.6,8,4,0,Summer
2024-08-24,24.6,97.0,91.4,14.8,92.4,8,5,1,Summer
2024-08-25,23.6,24.0,93.1,24.1,95.4,8,6,1,Summer
2024-08-26,23.1,12.0,92.5,21.8,91.3,8,0,0,Summer
2024-08-27,24.4,6.0,84.6,25.9,67.5,8,1,0,Summer
2024-08-28,24.2,0.2,85.5,19.5,71.5,8,2,0,Summer
2024-08-29,25.5,0.0,81.3,22.3,60.9,8,3,0,Summer
2024-08-30,25.3,11.0,83.2,9.4,64.0,8,4,0,Summer
2024-08-31,25.2,7.0,86.2,14.8,58.5,8,5,1,Summer
2024-09-01,24.9,23.0,88.9,16.6,79.4,9,6,1,Fall
2024-09-02,24.8,9.0,91.4,13.0,87.6,9,0,0,Fall
2024-09-03,25.4,2.0,91.0,9.4,87.4,9,1,0,Fall
2024-09-04,25.0,1.5,87.8,18.4,77.4,9,2,0,Fall
2024-09-05,25.2,0.0,85.2,20.5,62.4,9,3,0,Fall
2024-09-06,24.5,10.0,89.8,20.5,78.1,9,4,0,Fall
2024-09-07,25.4,0.0,86.4,16.2,77.5,9,5,1,Fall
2024-09-08,25.2,0.0,86.5,20.5,71.6,9,6,1,Fall
2024-09-09,24.9,0.6,88.7,15.8,75.4,9,0,0,Fall
2024-09-10,25.2,3.0,88.8,20.5,78.0,9,1,0,Fall
2024-09-11,24.4,0.6,90.7,22.3,87.8,9,2,0,Fall
2024-09-12,24.6,0.0,86.8,25.9,77.1,9,3,0,Fall
2024-09-13,24.1,0.0,84.1,20.5,60.8,9,4,0,Fall
2024-09-14,23.9,0.1,80.8,22.3,54.9,9,5,1,Fall
2024-09-15,24.5,0.0,77.9,13.0,43.9,9,6,1,Fall
2024-09-16,24.8,0.0,78.8,16.6,38.9,9,0,0,Fall
2024-09-17,24.6,0.0,78.6,12.7,53.6,9,1,0,Fall
2024-09-18,25.0,5.0,80.7,16.9,77.2,9,2,0,Fall
2024-09-19,25.9,0.0,80.1,18.4,42.0,9,3,0,Fall
2024-09-20,26.2,0.0,79.6,14.8,36.5,9,4,0,Fall
2024-09-21,26.7,0.0,79.9,14.8,35.9,9,5,1,Fall
2024-09-22,27.9,6.0,77.1,14.8,55.0,9,6,1,Fall
2024-09-23,26.1,5.0,84.1,20.5,66.9,9,0,0,Fall
2024-09-24,25.7,14.0,86.4,20.5,63.1,9,1,0,Fall
2024-09-25,25.6,8.0,89.1,20.5,68.6,9,2,0,Fall
2024-09-26,25.0,24.0,89.7,14.8,73.2,9,3,0,Fall
2024-09-27,24.8,19.0,89.8,13.0,84.9,9,4,0,Fall
2024-09-28,24.4,15.0,90.2,13.0,76.2,9,5,1,Fall
2024-09-29,24.8,11.0,90.9,16.6,76.1,9,6,1,Fall
2024-09-30,25.4,0.0,87.2,11.2,61.6,9,0,0,Fall
2024-10-01,26.6,0.0,79.6,10.3,40.4,10,1,0,Fall
2024-10-02,28.0,0.0,75.1,9.4,37.2,10,2,0,Fall
2024-10-03,27.0,0.0,78.2,16.2,38.5,10,3,0,Fall
2024-10-04,26.1,0.0,79.0,14.8,27.8,10,4,0,Fall
2024-10-05,25.7,0.0,76.0,11.2,15.4,10,5,1,Fall
2024-10-06,26.2,0.0,69.5,13.0,20.6,10,6,1,Fall
2024-10-07,27.1,0.0,63.2,13.0,17.7,10,0,0,Fall
2024-10-08,27.6,0.0,59.6,16.6,22.6,10,1,0,Fall
2024-10-09,26.1,0.3,69.5,16.6,57.8,10,2,0,Fall
2024-10-10,25.4,0.4,77.4,14.8,64.4,10,3,0,Fall
2024-10-11,24.7,2.0,81.3,22.3,70.9,10,4,0,Fall
2024-10-12,25.0,2.4,79.1,20.5,63.8,10,5,1,Fall
2024-10-13,25.3,3.0,83.0,16.1,68.6,10,6,1,Fall
2024-10-14,24.8,5.0,86.5,25.1,66.5,10,0,0,Fall
2024-10-15,25.1,1.0,83.4,13.0,54.6,10,1,0,Fall
2024-10-16,26.5,0.0,61.7,16.6,33.4,10,2,0,Fall
2024-10-17,26.4,0.0,70.6,14.8,28.7,10,3,0,Fall
2024-10-18,26.5,0.0,68.3,18.4,64.6,10,4,0,Fall
2024-10-19,26.5,1.2,70.9,20.5,62.4,10,5,1,Fall
2024-10-20,24.8,0.0,81.5,13.0,56.8,10,6,1,Fall
2024-10-21,26.2,0.0,72.3,7.3,26.1,10,0,0,Fall
2024-10-22,25.3,4.0,75.1,25.9,39.8,10,1,0,Fall
2024-10-23,25.5,0.0,69.2,11.2,19.9,10,2,0,Fall
2024-10-24,24.5,0.0,57.6,9.4,10.0,10,3,0,Fall
2024-10-25,24.4,0.0,54.7,13.0,14.0,10,4,0,Fall
2024-10-26,26.1,0.0,47.5,14.8,7.3,10,5,1,Fall
2024-10-27,25.9,0.0,50.8,14.8,3.1,10,6,1,Fall
2024-10-28,25.6,0.0,53.3,13.0,5.1,10,0,0,Fall
2024-10-29,26.4,0.0,56.5,9.4,1.8,10,1,0,Fall
2024-10-30,26.3,0.0,54.4,14.8,1.5,10,2,0,Fall
2024-10-31,26.1,0.0,52.3,14.8,0.2,10,3,0,Fall
2024-11-01,26.8,0.0,47.2,9.4,0.1,11,4,0,Fall
2024-11-02,26.3,0.0,48.5,9.4,0.1,11,5,1,Fall
2024-11-03,25.9,0.0,51.1,11.7,8.8,11,6,1,Fall
2024-11-04,25.7,0.0,49.4,11.2,0.3,11,0,0,Fall
2024-11-05,25.2,0.0,45.6,16.6,0.0,11,1,0,Fall
2024-11-06,25.0,0.0,46.7,18.4,0.0,11,2,0,Fall
2024-11-07,25.0,0.0,53.2,9.4,1.3,11,3,0,Fall
2024-11-08,25.3,0.0,53.7,13.0,2.3,11,4,0,Fall
2024-11-09,24.5,0.0,52.4,13.0,1.3,11,5,1,Fall
2024-11-10,24.6,0.0,51.6,22.3,0.4,11,6,1,Fall
2024-11-11,23.9,0.0,56.8,14.8,1.6,11,0,0,Fall
2024-11-12,23.3,0.0,59.5,11.2,4.5,11,1,0,Fall
2024-11-13,22.9,0.0,58.3,13.0,0.8,11,2,0,Fall
2024-11-14,22.7,0.0,57.0,11.2,1.3,11,3,0,Fall
2024-11-15,22.8,0.0,54.9,7.6,5.1,11,4,0,Fall
2024-11-16,22.4,0.0,55.3,9.4,1.2,11,5,1,Fall
2024-11-17,22.4,0.0,53.4,16.6,0.0,11,6,1,Fall
2024-11-18,21.4,0.0,57.0,11.2,0.3,11,0,0,Fall
2024-11-19,20.8,0.0,57.8,16.6,6.6,11,1,0,Fall
2024-11-20,20.0,0.0,52.2,13.0,1.2,11,2,0,Fall
2024-11-21,19.4,0.0,54.3,13.0,0.0,11,3,0,Fall
2024-11-22,19.2,0.0,54.9,13.0,1.3,11,4,0,Fall
2024-11-23,19.5,0.0,56.0,11.2,1.3,11,5,1,Fall
2024-11-24,19.9,0.0,60.7,11.2,1.8,11,6,1,Fall
2024-11-25,20.2,0.0,54.0,14.8,7.4,11,0,0,Fall
2024-11-26,19.9,0.0,52.5,14.8,0.1,11,1,0,Fall
2024-11-27,20.0,0.0,52.3,14.8,0.0,11,2,0,Fall
2024-11-28,19.3,0.0,56.7,22.3,0.2,11,3,0,Fall
2024-11-29,18.2,0.0,54.7,18.4,0.0,11,4,0,Fall
2024-11-30,18.0,0.0,57.2,22.3,2.1,11,5,1,Fall
2024-12-01,17.8,0.0,62.0,20.5,53.4,12,6,1,Winter
2024-12-02,19.3,0.0,57.5,16.6,24.2,12,0,0,Winter
2024-12-03,22.0,0.0,54.0,14.4,22.6,12,1,0,Winter
2024-12-04,21.7,0.0,59.3,14.8,36.6,12,2,0,Winter
2024-12-05,22.5,0.0,60.3,13.0,27.3,12,3,0,Winter
2024-12-06,21.5,0.0,63.1,16.1,22.3,12,4,0,Winter
2024-12-07,20.8,0.0,63.0,13.0,13.9,12,5,1,Winter
2024-12-08,19.4,0.0,62.8,11.2,4.3,12,6,1,Winter
2024-12-09,16.7,0.0,48.4,14.8,2.5,12,0,0,Winter
2024-12-10,15.2,0.0,52.3,24.1,5.4,12,1,0,Winter
2024-12-11,15.8,0.0,56.8,14.8,1.4,12,2,0,Winter
2024-12-12,16.9,0.0,58.8,11.2,3.7,12,3,0,Winter
2024-12-13,15.1,0.0,50.7,27.7,16.3,12,4,0,Winter
2024-12-14,15.7,0.0,48.6,22.3,3.2,12,5,1,Winter
2024-12-15,16.9,0.0,48.9,13.0,1.3,12,6,1,Winter
2024-12-16,17.6,0.0,51.1,14.8,0.0,12,0,0,Winter
2024-12-17,19.9,0.0,49.6,13.0,2.1,12,1,0,Winter
2024-12-18,19.1,0.0,55.9,13.0,1.3,12,2,0,Winter
2024-12-19,19.8,0.0,50.8,11.2,1.3,12,3,0,Winter
2024-12-20,20.2,0.0,52.6,13.0,2.5,12,4,0,Winter
2024-12-21,18.6,0.0,60.3,18.4,7.4,12,5,1,Winter
2024-12-22,17.9,0.0,56.2,14.0,17.3,12,6,1,Winter
2024-12-23,19.1,0.0,67.3,16.6,48.0,12,0,0,Winter
2024-12-24,19.4,0.0,73.6,9.4,45.2,12,1,0,Winter
2024-12-25,19.0,0.2,81.5,22.3,51.5,12,2,0,Winter
2024-12-26,21.5,0.0,71.6,14.8,52.7,12,3,0,Winter
2024-12-27,22.2,0.1,74.0,22.3,42.9,12,4,0,Winter
2024-12-28,20.4,1.0,87.5,11.2,56.0,12,5,1,Winter
2024-12-29,17.2,0.0,87.6,14.4,63.1,12,6,1,Winter
2024-12-30,17.9,0.0,80.9,18.4,34.0,12,0,0,Winter
2024-12-31,18.8,0.0,80.0,16.6,20.0,12,1,0,Winter
2025-01-01,17.3,0.0,78.5,11.2,0.3,1,2,0,Winter
2025-01-02,18.0,0.0,63.9,13.0,0.0,1,3,0,Winter
2025-01-03,19.6,0.0,63.5,9.4,7.2,1,4,0,Winter
2025-01-04,20.2,0.0,58.4,11.2,3.2,1,5,1,Winter
2025-01-05,20.2,0.0,56.8,13.0,41.4,1,6,1,Winter
2025-01-06,17.5,0.0,76.3,11.2,11.4,1,0,0,Winter
2025-01-07,14.7,0.0,71.5,16.6,1.2,1,1,0,Winter
2025-01-08,14.6,0.0,61.6,11.2,0.0,1,2,0,Winter
2025-01-09,16.8,0.0,54.9,14.8,4.9,1,3,0,Winter
2025-01-10,18.0,0.0,58.6,13.0,8.1,1,4,0,Winter
2025-01-11,19.7,0.0,61.8,16.6,24.4,1,5,1,Winter
2025-01-12,16.9,0.0,74.0,14.8,29.9,1,6,1,Winter
2025-01-13,12.5,0.0,77.1,14.8,5.5,1,0,0,Winter
2025-01-14,16.0,0.0,70.2,14.8,19.7,1,1,0,Winter
2025-01-15,20.0,0.0,68.2,24.1,31.7,1,2,0,Winter
2025-01-16,18.3,0.0,79.4,16.6,42.5,1,3,0,Winter
2025-01-17,15.5,0.0,81.6,22.3,46.5,1,4,0,Winter
2025-01-18,19.4,0.0,66.7,16.6,7.1,1,5,1,Winter
2025-01-19,20.8,0.0,57.3,13.0,0.0,1,6,1,Winter
2025-01-20,20.0,0.0,63.6,11.2,11.4,1,0,0,Winter
2025-01-21,19.5,0.0,66.7,11.2,1.3,1,1,0,Winter
2025-01-22,20.5,0.0,67.7,13.0,1.3,1,2,0,Winter
2025-01-23,19.8,0.0,69.5,18.4,11.7,1,3,0,Winter
2025-01-24,17.7,0.0,70.4,19.5,1.4,1,4,0,Winter
2025-01-25,18.4,0.0,61.1,16.1,0.0,1,5,1,Winter
2025-01-26,19.4,0.0,65.9,11.2,0.0,1,6,1,Winter
2025-01-27,19.6,0.0,61.3,11.2,0.0,1,0,0,Winter
2025-01-28,20.3,0.0,56.7,11.2,2.6,1,1,0,Winter
2025-01-29,22.3,0.0,52.8,13.0,4.8,1,2,0,Winter
2025-01-30,20.5,0.0,54.7,9.4,1.3,1,3,0,Winter
2025-01-31,20.7,0.0,54.5,11.2,0.0,1,4,0,Winter
2025-02-01,19.6,0.0,57.5,10.8,11.9,2,5,1,Winter
2025-02-02,20.3,0.0,58.6,11.2,21.5,2,6,1,Winter
2025-02-03,23.9,0.0,56.8,25.9,24.8,2,0,0,Winter
2025-02-04,22.4,0.0,63.5,11.2,30.7,2,1,0,Winter
2025-02-05,19.0,0.0,57.4,22.3,15.2,2,2,0,Winter
2025-02-06,18.1,0.0,45.8,25.1,0.0,2,3,0,Winter
2025-02-07,18.3,0.0,46.8,20.5,1.2,2,4,0,Winter
2025-02-08,20.3,0.0,50.6,13.0,17.1,2,5,1,Winter
2025-02-09,22.9,0.0,52.6,11.2,1.9,2,6,1,Winter
2025-02-10,22.5,0.0,54.2,11.2,1.3,2,0,0,Winter
2025-02-11,21.7,0.0,51.5,14.8,1.3,2,1,0,Winter
2025-02-12,20.7,0.0,54.3,11.2,0.0,2,2,0,Winter
2025-02-13,19.9,0.0,50.4,13.0,0.0,2,3,0,Winter
2025-02-14,21.2,0.0,48.7,13.0,0.0,2,4,0,Winter
2025-02-15,22.6,0.0,46.6,16.6,5.5,2,5,1,Winter
2025-02-16,23.0,0.0,48.6,14.8,0.0,2,6,1,Winter
2025-02-17,22.8,0.0,54.4,10.1,0.0,2,0,0,Winter
2025-02-18,23.8,0.0,56.1,14.8,16.7,2,1,0,Winter
2025-02-19,23.4,0.0,53.6,11.2,2.9,2,2,0,Winter
2025-02-20,23.0,0.0,47.2,13.0,11.4,2,3,0,Winter
2025-02-21,22.1,0.0,49.5,14.8,5.1,2,4,0,Winter
2025-02-22,22.4,0.0,48.7,14.8,0.1,2,5,1,Winter
2025-02-23,23.1,0.0,47.1,9.4,0.0,2,6,1,Winter
2025-02-24,22.6,0.0,45.3,14.8,1.7,2,0,0,Winter
2025-02-25,23.3,0.0,42.3,14.8,6.2,2,1,0,Winter
2025-02-26,24.6,0.0,38.7,22.3,13.9,2,2,0,Winter
2025-02-27,25.6,0.0,41.9,16.6,20.3,2,3,0,Winter
2025-02-28,26.3,0.0,44.9,18.4,28.0,2,4,0,Winter
2025-03-01,25.1,0.0,49.9,7.6,11.3,3,5,1,Spring
2025-03-02,24.1,0.0,49.3,16.6,4.4,3,6,1,Spring
2025-03-03,24.2,0.0,47.2,9.4,10.9,3,0,0,Spring
